{"cameraMode":{"drawMode":0,"name":"Shaded","section":"Shading Mode"},"sceneLighting":false,"audioPlay":false,"sceneViewState":{"showFog":true,"showMaterialUpdate":false,"showSkybox":false,"showFlares":true,"showImageEffects":true,"showParticleSystems":true},"in2DMode":false,"pivot":{"x":194.55174255371095,"y":10.910412788391114,"z":145.69342041015626},"rotation":{"x":0.012386849150061608,"y":0.9867904186248779,"z":-0.1328367292881012,"w":0.09204661846160889},"size":10.721233367919922,"orthographic":false}