{"cameraMode":{"drawMode":0,"name":"Shaded","section":"Shading Mode"},"sceneLighting":true,"audioPlay":false,"sceneViewState":{"showFog":true,"showMaterialUpdate":false,"showSkybox":true,"showFlares":true,"showImageEffects":true,"showParticleSystems":true},"in2DMode":false,"pivot":{"x":-190.07363891601563,"y":-332.8350524902344,"z":118.03079223632813},"rotation":{"x":0.2740471661090851,"y":-0.6935604214668274,"z":0.3276251256465912,"w":0.5801381468772888},"size":615.0899658203125,"orthographic":false}